pursuit,barq,dino,furtrack,validation
'yote,,'yote,_yote,_yote
32,,32,32,32
@thatw0lf,,@thatw0lf,,
a.banananas,,a.banananas,,
aaron,,aaron,aaron,aaron
aaron_silberfell_,,aaron_silberfell_,,
ace,ace,ace,ace,ace_(border_collie)
acer,,acer,acer,acer_(caribou)
acimosis,,acimosis,werenimal,werenimal
acme,,acme,acme_(calico),acme_(calico)
acorn_king,,acorn_king,,
admiral_sarou,,admiral_sarou,,
adreat_blu,,adreat_blu,,
aerathyr,,aerathyr,aerathyr,aerathyr
aero,,aero,aero,aero
africa_,,africa_,africa,africa
ahkando,,ahkando,ahkando,ahkando
aiko,,aiko,aiko,aiko
aiku,,aiku,aiku,aiku
aireul,,aireul,aireul,aireul
aison,,aison,aison,aison
ajax,,ajax,ajax,ajax
aka,,aka,aka,aka
akahito,,akahito,akahito,akahito
akai,,akai,akai,akai
akamaru,,akamaru,akamaru,akamaru
akaza,,akaza,,
akeban,akeban,akeban,akeban,akeban
akemi,,akemi,akemi,akemi
aki,,aki,aki,aki
akifox,,akifox,akifox,akifox
akijuro,,akijuro,,
akiro,,akiro,akiro_(canine),sabre
alabaster_,alabaster,alabaster_,alabaster,alabaster
alcepiade,,alcepiade,wandy,wandy
alef,,alef,alef,
alex,alex,alex,alex,alex_(border_collie)
alexander_silverfang,,alexander_silverfang,,
alfie,,alfie,,
alias,,alias,alias_(husky),alias_(husky)
aliuros,,aliuros,aliuros,aliuros
alpaw,,alpaw,alpaw,alpaw
alpe_kojot,,alpe_kojot,alpe_kojot,alpe_kojot
alph_lang_(stage_1),,alph_lang_(stage_1),alph_lang,alph_lang
alphagen_mk1,,alphagen_mk1,,
alta,,alta,alta,
altothefox,,altothefox,,
alvos,,alvos,alvos,alvos
alwa,,alwa,alwa,alwa
amadeus,,amadeus,amadeus,
amandine_von_cupcake,,amandine_von_cupcake,,
amare,,amare,amare,amare
amaroq,,amaroq,amaroq,amaroq
amber,,amber,amber,amber
ambertail,,ambertail,,
ame,,ame,ame_(tiger),
amju,,amju,amju,amju
amoux,,amoux,amoux,amoux
amp,,amp,amp_(protogen),amp_(samoyed)
amplify,,amplify,,
amry_,,amry_,amry,amry
amy,,amy,amy,amy
amyris,,amyris,amyris,amyris
andoru,,andoru,andoru,andoru
andre,,andre,,
andrew_fox,,andrew_fox,,
angusthebull_,angusthebull_,angusthebull_,,
aninok_magnolis,,aninok_magnolis,,
ankhor,,ankhor,ankhor,ankhor
anubis,,anubis,anubis,anubis_(shepherd)
anvil,,anvil,anvil,anvil
aoife,,aoife,aoife,
aoroo,,aoroo,aoroo,aoroo
aozora,,aozora,aozora,aozora
aphinic,,aphinic,aphinic,aphinic
apo,apo,apo,apo,apo
apollo,apollo,apollo,apollo(sergal),apollo(sergal)
apollo_hale,,apollo_hale,apollo_hale,apollo_hale
apollo_アポロ,,apollo_アポロ,,
aqtus_thegaylion,,aqtus_thegaylion,,
aqua_husky_,,aqua_husky_,aqua_husky,aqua_husky
aquliax,aquliax,aquliax,aquliax,aquliax
arai,,arai,arai_(pangopine),arai_(wolf)
araz,,araz,araz_(sabertooth),araz_(sabertooth)
archie,,archie,archie_(african_wild_dog),archie_(arcanine)
archie_,,archie_,archie_(african_wild_dog),archie_(arcanine)
arco,,arco,arco,arco
arctic_,,arctic_,arctic,arctic
arctic_dalmatian,,arctic_dalmatian,arctic_dalmatian,arctic_dalmatian
arctictay,,arctictay,arctictay,arctictay
ardu,,ardu,ardu,ardu
argus,antontheulv,argus,argus,argus
aries,,aries,aries,aries_(gryphon)
arilin,,arilin,arilin,
ariona,ariona,ariona,,
arizona_,,arizona_,arizona(firemixer),arizona(liger)
arky,,arky,arky,arky
armina_,,armina_,armina,armina
arrack_the_sauna_wuffer,,arrack_the_sauna_wuffer,,
arron,,arron,arron,arron
arteek,,arteek,arteek,arteek
artemis,,artemis,artemis,artemis
arthur_kindly_,,arthur_kindly_,,
artiko,artiko,artiko,,
arty_corvale,,arty_corvale,,
aruna,,aruna,aruna,aruna
aruna_phoenix,,aruna_phoenix,,
arvyr,,arvyr,arvyr,arvyr
aryeo,,aryeo,,
ash,rexy,ash,ash,ash_(aeagerpaws)
asha,,asha,asha,asha
ashen,,ashen,ashen,ashen
asher,purple,asher,asher,asher
ashes,,ashes,ashes_(dalmatian),ashes_(dalmatian)
ashfall,,ashfall,,
ashie,,ashie,ashie,ashie
askan,,askan,askan,askan_(sea_beast)
askanthehusky,askanthehusky,askanthehusky,,
askara_fluffball,,askara_fluffball,askara_fluffball,
aspen,,aspen,aspen,aspen
asraelle_xeros,,asraelle_xeros,,
aster,aster_,aster,aster,aster
astra,,astra,astra_(canine),astra_(cat)
astralis,renfir,astralis,astralis,astralis
asuri,,asuri,asuri,asuri_(vampire_cat)
athel,,athel,athel_(red_panda),athel_(red_panda)
atlas,atlas,atlas,atlas,atlas_(akita)
atrox,,atrox,atrox,atrox
atry,,atry,atry,atry
atsuiki,,atsuiki,atsuiki,atsuiki
auhy,,auhy,,
aura,,aura,aura,aura
aurum,,aurum,aurum,aurum_(howlitzer)
auto,,auto,auto,auto
autumn,,autumn,autumn,autumn_(cat)
avala,,avala,avala,avala
avelix,,avelix,avelix,
avery,,avery,avery,avery
avi,,avi,avi_(blue_jay),avi_(blue_jay)
avoonix,,avoonix,avoonix,avoonix
axel,,axel,axel,axel
azarion,,azarion,,
azide,,azide,azide_(fox),azide_(fox)
azkai,azkai,azkai,azkai,azkai
azra,,azra,azra,azra
azshara_kletete,,azshara_kletete,,
azura,,azura,azura_,azura_(eevee)
baby,,baby,baby,baby
badger,,badger,badger_(canine),badger_(canine)
baduhenna_strongpaw,,baduhenna_strongpaw,baduhenna_strongpaw,
bailey,,bailey,bailey,bailey
baku,,baku,baku,baku_(citra)
baldur,,baldur,baldur,baldur
balenty,,balenty,balenty,balenty
baleus,,baleus,baleus,baleus
bamex,,bamex,bamex_(fox),bamex_(fox)
banded,,banded,banded,
bandi,maszat,bandi,bandi,maszat
bandit_bigears,,bandit_bigears,bandit_bigears,bandit_bigears
bandit_raccoon,,bandit_raccoon,bandit_raccoon,bandit_raccoon
baracus,,baracus,,
barley,,barley,barley,barley_(bear)
barley_,,barley_,barley,barley_(bear)
basil,,basil,basil(cat),basil(cat)
basko,,basko,basko,basko
batty_b._breezy,,batty_b._breezy,,
bau,,bau,bau_(cat),bau_(cat)
bayle,,bayle,bayle,bayle
baylei,,baylei,baylei,baylei
beanie,,beanie,beanie,beanie
bec-de-gaz,,bec-de-gaz,bec-de-gaz,bec-de-gaz
beck,,beck,beck,beck_(deerdragon)
bee,,bee,bee_(cat),bee_(cat)
beef,,beef,snuk,
beeps,,beeps,beeps,beeps
belisinum_blackclaw,,belisinum_blackclaw,,
bella_,,bella_,bella,bella_(cat)(black_and_purple)
bendji,,bendji,,
bendrial_,,bendrial_,bendrial,bendrial
benji,_benji_,benji,benji_(bat),benji_(bat)
berkwolf,,berkwolf,berkwolf,berkwolf
berrexter,,berrexter,berrexter_(german_shepherd),berrexter_(german_shepherd)
betel,,betel,,
bethlenke,bethlenke,bethlenke,bethlenke,bethlenke
bibi,,bibi,bibi,
biscit_,biscit,biscit_,biscit,biscit
bissy,,bissy,bissy,bissy
bitflip,,bitflip,bitflip,bitflip
bitkitty,,bitkitty,mane,
blacky,,blacky,blacky,blacky
blackymoon,,blackymoon,blackymoon,blackymoon
blatt_juoksija,,blatt_juoksija,blatt_juoksija,blatt_juoksija
blaze,blaze,blaze,blaze,blaze
blazi,,blazi,blazi,blazi
blechi,,blechi,blechi_(blechkanne),blechi_(blechkanne)
blissy,,blissy,,
blix,,blix,blix,blix
blixter,blixter,blixter,,
blizi,,blizi,,
bloome,,bloome,bloome_(folf),bloome_(folf)
blooroo,,blooroo,blooroo,blooroo
blue_mouse,,blue_mouse,,
blue_raptor,,blue_raptor,blue_raptor,blue_raptor
blue_sky,,blue_sky,blue_sky,bluesky
blueberry,,blueberry,blueberry,blueberry
blueferd,,blueferd,blueferd,blueferd
bluehusk_,,bluehusk_,bluehusk,bluehusk
bluesugar,,bluesugar,bluesugar,bluesugar
bluethunder_,,bluethunder_,blue_thunder,
blushy,,blushy,blushy,blushy
blyde,,blyde,blyde,blyde
bny-2076j190924,,bny-2076j190924,bny-2076j190924,
bo,,bo,bo,bo
boerdi,,boerdi,,
boheme_,,boheme_,boheme,boheme
bokkie,,bokkie,bokkie,bokkie
bolt,,bolt,bolt,bolt
bolt_railway_dog,,bolt_railway_dog,,
bongwater_the_skullbeast,,bongwater_the_skullbeast,,
boo,,boo,boo,boo
boomer,,boomer,boomer,boomer
boreas,lightnymfa,boreas,boreas_(deer),
boris,,boris,boris,boris
bot,,bot,bot,bot_(canine)
bourgeois_,,bourgeois_,bourgeois,bourgeois
brainfreezepup,,brainfreezepup,,
brandon_rose,,brandon_rose,brandon_rose,brandon_rose
bread,,bread,bread,bread
brek,,brek,,
brennox,,brennox,brennox,brennox
briar,,briar,briar,briar
bright,,bright,bright_(fox),bright_(fox)
brisket,,brisket,brisket,brisket
brixxy,,brixxy,brixxy,brixxy
bropix,,bropix,bropix,bropix
browser,,browser,,
bruce,,bruce,bruce,bruce
bruze,,bruze,,
bryce,lilnoodles,bryce,bryce,
bubba,,bubba,bubba,bubba
bubi,,bubi,bubi,bubi
bubsy,,bubsy,bubsy_(bobcat),bubsy_(bobcat)
buck,,buck,buck_(black_and_white),buck_(dragon)
bucky,,bucky,bucky,bucky
buddy,,buddy,buddy,buddy
buddy!,,buddy!,jd_puppy,jd_puppy
buru,,buru,,
byakko,byakko,byakko,byakko,byakko
bytefighter,bytefighter,bytefighter,bytefighter,bytefighter
cacti,,cacti,cacti_(coyote),cacti_(coyote)
cailean,,cailean,cailean,cailean
cailyn,,cailyn,,
cake,,cake,cake,cake
calder,,calder,calder,calder
cami,,cami,cami,cami
cami_roo,,cami_roo,cami_roo,cami_roo
campy,,campy,campy,campy
candycrystal,,candycrystal,,
capra,amyfever,capra,capra_(goat_demon),capra_(goat_demon)
captain_j,,captain_j,captain_j,
carafennec,,carafennec,,
caramel,caramel,caramel,caramel,caramel
carbine,,carbine,carbine,carbine
cariburn,,cariburn,cariburn,cariburn
carl,,carl,carl_(macaw),
carlos,,carlos,,
caspian,,caspian,caspian,caspian_(beagle)
cassie,,cassie,cassie,cassie
catchy,catchy,catchy,,
catesh,,catesh,catesh,catesh
cephyus,,cephyus,cephyus,cephyus
cerri,,cerri,cerri_(fennec_fox),cerri_(fennec_fox)
ceru,,ceru,ceru,ceru
ceruby,,ceruby,,
chaba,,chaba,chaba,chaba
chacha,chacha,chacha,chacha,chacha
chaga_,,chaga_,chaga,chaga
chajax_,,chajax_,chajax,chajax
chance,,chance,chance,chance
chapiduh,,chapiduh,chapiduh,chapiduh
charis,charis,charis,charis,
charity,,charity,charity,charity
charlie,,charlie,charlie,charlie
charlie_yote,,charlie_yote,charlie_yote,charlie_yote
charmie,,charmie,charmie,
charscale,,charscale,charscale,charscale
chase,,chase,chase,chase_(african_wild_dog)
cheetahpaw,,cheetahpaw,cheetahpaw,cheetahpaw
chenerah,chenerah,chenerah,,
chep,,chep,chep,chep
cherenkov,,cherenkov,cherenkov,cherenkov
cherry,peach,cherry,cherry,cherry_(alopekis)
cherry_the_hare_,,cherry_the_hare_,,
chester,,chester,chester_(australian_shepherd),chester_(australian_shepherd)
chevron,,chevron,chevron,chevron
chi,,chi,chi,chi
chiara,,chiara,chiara,
chiii_,chiii,chiii_,chiii,chiii
chiko,,chiko,chiko,chiko
chives,,chives,chives,chives
chloedir,,chloedir,chloedir,
chris,,chris,chris,chris
chrystalia,,chrystalia,,
ciel,,ciel,ciel,ciel_(deer)
cielo,,cielo,cielo,cielo
cifer,,cifer,,
cin,,cin,,
cindy,,cindy,cindy,cindy_(calico)
cinister,,cinister,cinister,cinister
cinn,,cinn,cinn,cinn
cinnamon_cookie,,cinnamon_cookie,,
cino!,,cino!,,
circuitbreaker,,circuitbreaker,circuitbreaker,circuitbreaker
cirez,,cirez,cirez,cirez
cisco,,cisco,cisco_(fox),cisco_(fox)
citron,,citron,citron,citron
clanga,,clanga,clanga,clanga
clay,,clay,clay_(corgi),clay_(corgi)
clem,,clem,clem_(hybrid),clem_(serval)
cleo,,cleo,cleo,cleo
cleya,,cleya,cleya,cleya
cmos,,cmos,cmos,cmos
cobratail,cobratail,cobratail,cobratail,cobratail
coby,coby,coby,coby_(panda),coby_(panda)
coco,purple,coco,coco,coco_(calico_cat)
coda,,coda,coda,coda_(dacodadragon)
codec,,codec,codec,codec
cody,,cody,cody,cody
coffe,,coffe,coffe,
coffee,,coffee,coffee_(collie),coffee_(corgi)
coi,,coi,cody,cody
coldthefox_,,coldthefox_,coldthefox,coldthefox
cole,,cole,cole,cole
colgate,snelrev,colgate,colgate,colgate
colin,,colin,colin_(codydawg),colin_(codydawg)
collie,,collie,,
collin,clawmancat,collin,collin,collin_(raccoon)
colmillo,,colmillo,colmillo,colmillo
comet,,comet,comet,comet
connor,,connor,connor,connor_(african_wild_dog)
cookiedough_,,cookiedough_,cookie_dough,cookie_dough
coontail,,coontail,coontail,coontail
cooper,,cooper,cooper,cooper
coorie,,coorie,coorie,coorie
coral,,coral,coral,coral
corbeau,,corbeau,,
corey,coreyfolf,corey,corey_(australian_shepherd),corey_(australian_shepherd)
cosmyd,,cosmyd,cosmyd,cosmyd
coyz,,coyz,,
crash_azarel,,crash_azarel,crash_azarel,crash_azarel
crazy_wolf,,crazy_wolf,crazy_wolf,crazy_wolf
crazy_wolf_,,crazy_wolf_,crazy_wolf,crazy_wolf
crazyspec_,,crazyspec_,,
creamy,,creamy,protocol0,protocol0
cree,,cree,,
crillex,,crillex,,
crimson,,crimson,crimson,crimson
crimsyn,crimsyn,crimsyn,crimsyn,
cris.py,,cris.py,,
crisp,,crisp,crisp,crisp_(crispbirb)
cronic,,cronic,cronic,cronic
cuckoo,,cuckoo,cuckoo,
cudders,,cudders,,
curacao,,curacao,curacao,curacao
custard,,custard,custard,custard
cyan_the_border_collie,,cyan_the_border_collie,cyanthebordercollie,cyanthebordercollie
cyanid,,cyanid,,
cyber,,cyber,cyber_(cat),cyber_(cat)
cycur,,cycur,cycur,cycur
cypher,,cypher,cypher,cypher
cáp_rashk,,cáp_rashk,,
dacia,,dacia,dacia,dacia
daerok,,daerok,daerok,daerok
dagger,,dagger,dagger,dagger_(cross_fox)
daithy,,daithy,daithy,daithy
dakky,,dakky,dakky,dakky
dakoru,,dakoru,dakoru,dakoru
dalite,,dalite,dalite,dalite
dallas,,dallas,dallas,dallas_(canine)
damu,,damu,,
dan,dan,dan,dan,dan
dan_o'dile,,dan_o'dile,dan_o_dile,dan_o_dile
danarius,,danarius,danarius,danarius
danni_fox,,danni_fox,,
dante,dante,dante,dante,dante
dantee_wolf,,dantee_wolf,danteewolf,danteewolf
daquan,,daquan,daquan,daquan
dari,,dari,dari_(deer_protogen),
dark-plexuz,darkplexuz,dark-plexuz,,
daron,,daron,daron,daron
daryl,,daryl,daryl,daryl
dashi,,dashi,dashi_(dalmation),dashi_(dalmation)
dashing!,,dashing!,,
dashy,,dashy,dashy,dashy
daszh,,daszh,daszh,daszh
david_the_dovah,,david_the_dovah,david_the_dovah,
dawn,,dawn,dawn,dawn
dax_black,dax_black,dax_black,dax_black,
dazzle,,dazzle,dazzle,dazzle
dd,,dd,dd,dd
dean,,dean,dean_(border_collie),dean_(border_collie)
debbie,,debbie,debbie,debbie
dedran,,dedran,dedran,dedran
dee,,dee,dee,dee_(coyote)
deetz,,deetz,deetz,deetz
deiku_panda,deikupanda,deiku_panda,,
dejfin,,dejfin,dejfin,dejfin
delay_doggo_,,delay_doggo_,,
deldy,,deldy,,
delta,,delta,delta,delta
deluvium,,deluvium,,
demi,demi,demi,demi,demi
demo🤘,,demo🤘,,
demwolf,,demwolf,demian,demian
den,,den,den,den
denak,denak,denak,denak,denak
denji,,denji,denji,denji
denni,denni,denni,denni,denni
derb,,derb,derb,
derelick,,derelick,derelick,derelick
dew,,dew,dew_(dad),dew_(dad)
dex,,dex,dex,dex
dexter,,dexter,dexter,dexter
dexx,,dexx,dexx,dexx
diana,,diana,diana,
dianox,,dianox,dianox,dianox
dibs_razell,,dibs_razell,dibs_razell,dibs_razell
dief,,dief,dief,dief
digo,,digo,digo,digo
digon,ferix,digon,digon,digon
dillon,,dillon,dillon,dillon
dinalooooooo,,dinalooooooo,dinalo,dinalo
dion,,dion,dion,
divi,,divi,divi_(wolf),divi_(wolf)
dixon,,dixon,dixon_(dingo),dixon_(dingo)
djem,,djem,,
dobe,,dobe,,
doger,,doger,doger,doger
dominique,,dominique,dominique,dominique
don,,don,don,
don_fuego,,don_fuego,,
dongarian,,dongarian,dongarian,dongarian
dorian_k,,dorian_k,,
dot,,dot,dot,dot_(hyena)
dov,,dov,dov,dov
dr._mosaic,,dr._mosaic,,
dr4gonmouse,,dr4gonmouse,dr4gonmouse,dr4gonmouse
dracky,,dracky,dracky,dracky
dragone,,dragone,dragone,dragone
dragonix_fantasy_,,dragonix_fantasy_,,
dragonoi,,dragonoi,,
drake_knifetail,,drake_knifetail,drake_knifetail,drake_knifetail
draky,,draky,draky,draky
draner,draner,draner,draner,draner
drastos,drastos,drastos,,drastos
drax,,drax,drax,drax
draxi,,draxi,draxi,draxi
drexl,,drexl,,
drias,,drias,drias,drias
drownz,,drownz,drownz,drownz
duff,,duff,duff_(dog),duff_(dog)
dugger,,dugger,dugger,dugger
durandal,,durandal,durandal,durandal
durth,,durth,durth,
dusky,,dusky,dusky,dusky
dusty,,dusty,dusty,dusty_(cheetah)
dutch,dutch,dutch,dutch,dutch
dwelley,,dwelley,dwelley,dwelley
dyrex,dyrex,dyrex,dyrex,dyrex
dywell,,dywell,dywell,
dåggen,thewolfpilot,dåggen,,
ebbie,,ebbie,ebbie,ebbie
echo,,echo,echo,echo
eclipse,,eclipse,eclipse,eclipse
eddie,,eddie,eddie,eddie
eddy_fox_crossfox,,eddy_fox_crossfox,,
edel,,edel,,
ekashi,,ekashi,ekashi,ekashi
eldemare,,eldemare,,
elea_,,elea_,elea_(fox),elea_(fox)
electro,,electro,electro,electro
electro_wuff,,electro_wuff,electrowuff,electrowuff
eli,eli,eli,eli,eli_(dog)
elian_dawnbringer,,elian_dawnbringer,elian_dawnbringer,elian_dawnbringer
elias,,elias,elias,elias
elodin,,elodin,elodin,elodin
elu,,elu,,
ember_puppy,,ember_puppy,,
emma,,emma,emma,emma
ender_puro,,ender_puro,,
ene,,ene,ene,ene
enfys,,enfys,enfys,
enkidu,,enkidu,nox,nox
eooyz,,eooyz,,
equinox,vulturecorpse,equinox,equinox,equinox
ergo,,ergo,ergo,ergo
eri_the_wagon,,eri_the_wagon,,
erin,jackytherat,erin,erin_(bunny),erin_(bunny)
eris,,eris,eris,eris
esperal,,esperal,esperal,
espresso,,espresso,espresso,espresso
euan,,euan,euan,euan
eurygrey,,eurygrey,eurygrey,eurygrey
euston,,euston,euston,euston
ewan,,ewan,,
exe_,,exe_,exe,exe
exi,,exi,exi_(dragonwolf),exi_(dragonwolf)
exobass,,exobass,exobass,exobass
extrys,,extrys,extrys,extrys
exuna,,exuna,exuna,exuna
ezo,,ezo,ezo,ezo
ezzen_black_,,ezzen_black_,,
faei,,faei,faei,
fahn,,fahn,,
falco,,falco,falco,falco
falkay,,falkay,falkay,falkay
fang,aidan,fang,fang_(bat_husky),fang_(bat_husky)
fangodoggo,,fangodoggo,,
fanox,,fanox,fanox,fanox
farley,glexes,farley,farley,farley
fawn,,fawn,fawn_(fennec),fawn_(fennec)
faydee,,faydee,faydee,faydee
faynox,,faynox,faynox,faynox
feligris,,feligris,feligris,feligris
felix,felix,felix,felix,felix
felix_the_fox,,felix_the_fox,felix_the_fox,felix_the_fox
felo,,felo,felo_(husky),felo_(husky)
fenin,,fenin,fenin,
fenny_ad,fenny_ad,fenny_ad,,
fenrir,,fenrir,fenrir,fenrir_(canine)
fenris,fenris,fenris,fenris,fenris
ferix,ferix,ferix,ferix,ferix
ferkon,,ferkon,,
fern,,fern,fern,fern_(arctic_fox)
fernir,,fernir,fernir_(maned_wolf),fernir_(maned_wolf)
ferolux,,ferolux,ferolux,ferolux
fex,,fex,fex,fex
fidget,,fidget,fidget,fidget_(ferret)
fiffe,,fiffe,fiffe,fiffe
filixx,,filixx,filixx,
finlay,,finlay,finlay,finlay
finleyy,,finleyy,finleyy,kuschelfuchs
finn,,finn,finn_(canine),finn_(caracal)
fionka,,fionka,fionka,fionka
fire_,,fire_,fire_(red_panda),fire_(red_panda)
firedawg,firedawg,firedawg,firedawg,
fireshell,,fireshell,fireshell,fireshell
firevyth,,firevyth,firevyth,firevyth
firo,aidan,firo,aidan,
firon,,firon,firon,firon
fish,,fish,fish_(alien_dog),fish_(alien_dog)
fizzark,,fizzark,fizzark,fizzark
flair,,flair,flair,
flaky,,flaky,flaky,flaky
flao,,flao,,
flewi,,flewi,flewi,flewi
flint,,flint,flint,flint
flo_softplush,,flo_softplush,flo_softplush,flo_softplush
floet,,floet,floet_(manokit),floet_(manokit)
flopp,,flopp,flopp,flopp
flopsie,,flopsie,~shiny~,
flopsy,,flopsy,flopsy,flopsy
fluffel,,fluffel,fluffel,fluffel
fluffle,,fluffle,fluffle_(dragon),fluffle_(dragon)
fluffy,,fluffy,fluffy,fluffy
fluffyfox09,,fluffyfox09,,
fluffytekkie,,fluffytekkie,fluffytekkie,fluffytekkie
fluffyxery,,fluffyxery,,
flup,,flup,flup,flup
flurrabell,,flurrabell,flurrabell,flurrabell
flurryflecky,,flurryflecky,flurry_flecky,flurry_flecky
flux,,flux,flux_(blue),flux_(blue)
flynn,,flynn,flynn,flynn
fondy,,fondy,fondy,fondy
fooximus,fooximus,fooximus,fooximus,fooximus
forlore,,forlore,,
fox_flummox,,fox_flummox,fox_flummox,fox_flummox
foxees,,foxees,,
foxelifox,foxelifox,foxelifox,foxelifox,foxelifox
foxflame,,foxflame,silkyfur,silkyfur
foxie,,foxie,foxie,foxie
foxle,foxle,foxle,foxle,foxle
foxtrot,,foxtrot,foxtrot,foxtrot_(protogen)
foxyz,,foxyz,foxyz,
fp,,fp,fp_(husky_wolf),fp_(husky_wolf)
fr4nk2,,fr4nk2,fr4nk2,fr4nk2
fractal,,fractal,fractal_(dragon),fractal_(dragon)
fradef_fang_,,fradef_fang_,fradef_fang,fradef_fang
frax,frax,frax,frax,frax
freckles,,freckles,freckles_(brown),freckles_(brown)
freddie,,freddie,freddie,freddie_(fox)
freezingdodge,,freezingdodge,freezing_dodge,freezing_dodge
frenzy,,frenzy,frenzy,frenzy
fritzi,,fritzi,fritzi,fritzi
frodo,,frodo,frodo,frodo
frog,,frog,,
frostbite,,frostbite,frostbite_(fox),frostbite_(fox)
frostbloom,,frostbloom,frostbloom,frostbloom
frosty,frosty,frosty,frosty,frosty_
frozen_,,frozen_,,
fugama,,fugama,fugama,fugama
furexa,,furexa,furexa,furexa
furfur,,furfur,furfur,furfur
furonimus,,furonimus,furonimus,furonimus
furouco,furouco,furouco,furouco,furouco
furox,,furox,furox,furox
fusion,,fusion,fusion,fusion
future,,future,future,future
fuzz,,fuzz,fuzz,fuzz_(bird)
fuzzy_phox,fuzzyphox,fuzzy_phox,fuzzyphox,
fuzzyfox,,fuzzyfox,fuzzyfox,fuzzyfox
fwanky,,fwanky,fwanky,fwanky
fwewyu,,fwewyu,,
fyx,,fyx,fyx,fyx
g-neoxx,,g-neoxx,,
g.g.,,g.g.,,
gab_shiba,,gab_shiba,,
gabu,,gabu,gabu,gabu
gaege,,gaege,gaege,gaege
gaikotsu,,gaikotsu,,
galaxy,,galaxy,galaxy_(dutch_angel_dragon),galaxy_(dutch_angel_dragon)
game,,game,,
games,,games,,
garrodor,garrodor,garrodor,garrodor,garrodor
garrum,,garrum,garrum,garrum
gaurian,,gaurian,,
gavin_von_blackmuzzle,,gavin_von_blackmuzzle,gavin_von_blackmuzzle,gavin_von_blackmuzzle
gebzula,,gebzula,gebzula,gebzula
gecko_bark,,gecko_bark,,
geferon,,geferon,geferon,geferon
gelki,gelki,gelki,gelki,gelki
gem,,gem,gem_(gemsbok),gem_(gemsbok)
gemoron,,gemoron,,
gen_silver,,gen_silver,gen_silver,gen_silver
genotyp,,genotyp,,
geo,,geo,geo_(anw),geo_(anw)
georgie,,georgie,georgie,
german_skrat_,,german_skrat_,german_skrat,german_skrat
gideon,,gideon,gideon,gideon_(chupacabra)
gin,,gin,gin,gin_(fox)
ginko,,ginko,ginko,ginko
glax,,glax,glax,glax
gnolli,,gnolli,gnolli,gnolli
goldfinch,,goldfinch,goldfinch,goldfinch
goldie,,goldie,goldie_(coyote),goldie_(coyote)
goldyne,,goldyne,goldyne,goldyne
golka,,golka,golka,golka
gony,,gony,gony,
gonzo,,gonzo,gonzo,gonzo_(dog)
gordon_rams_me,,gordon_rams_me,,
granger_the_dog,,granger_the_dog,granger_the_dog,granger_the_dog
graphilum,,graphilum,graphilum,graphilum
gray,,gray,gray,gray
greendraco_,,greendraco_,,
grem,,grem,grem_(wolf),grem_(wolf)
grey,grey,grey,grey,grey
greykas,,greykas,greykas,greykas
grim,,grim,grim,grim
grimaldi,,grimaldi,grimaldi,grimaldi
grimm,,grimm,grimm_(arky),grimm_(arky)
grion,,grion,grion,grion
grout,,grout,grout,grout
grumpy,,grumpy,,
gulby,,gulby,,
gumppe,gumppe,gumppe,gumppe,
gussy,,gussy,gussy,gussy
gustl_flummox,,gustl_flummox,gustl_flummox,gustl_flummox
gutsy,,gutsy,gutsy_(otter),gutsy_(otter)
gyrhawk,,gyrhawk,gyrhawk,gyrhawk
h0rs3,,h0rs3,h0rs3,h0rs3
h0sh1n0,,h0sh1n0,h0sh1n0,h0sh1n0
hackfleisch,,hackfleisch,siege,siege
hailey,,hailey,hailey,hailey
hakira,,hakira,hakira,
hakneeshep,,hakneeshep,,
haku,,haku,haku_(husky),haku_(husky)
hancici,,hancici,,
hanti_,,hanti_,hanti,hanti
harley,,harley,harley_(border_collie),harley_(border_collie)
harper,,harper,harper(wolf_deer),harper(wolf_deer)
harry_anoos,,harry_anoos,,
haru,,haru,haru,haru
harvey,,harvey,harvey,harvey
hassel,hassel,hassel,hassel,hassel
hauser,,hauser,,
hayato,,hayato,,
hayel,,hayel,hayel,hayel
hazel,,hazel,hazel,hazel
hazel_horse,,hazel_horse,,
hector,hector,hector,hector_(ibex),hector_(ibex)
helio,,helio,helio,helio
helix,,helix,helix,helix_(crux)
hellomyname,,hellomyname,,
henkka,,henkka,henkka,henkka
hewie,,hewie,hewie,hewie
hexagon,,hexagon,hexagon_(husky),hexagon_(husky)
hikaru,,hikaru,hikaru_(pine_marten),hikaru_(pine_marten)
himaru,,himaru,himaru,himaru
hioku,hioku,hioku,hioku,hioku
hiryū,,hiryū,,
hiyu,,hiyu,hiyu_(pine_marten),hiyu_(pine_marten)
honey,,honey,honey,honey_(african_wild_dog)
horn,,horn,horn,horn
horuga,,horuga,horuga,
hoshino,,hoshino,hoshino,hoshino
howard_allan_barker,,howard_allan_barker,,
howdy,howdy,howdy,howdy,howdy
howling_celtera,,howling_celtera,howling_celtera,howling_celtera
hrafn,,hrafn,,
hreko,,hreko,,
hroar,,hroar,hroar,hroar
hugginn_/_muninn,,hugginn_/_muninn,,
hurley,,hurley,hurley,hurley
huscai,,huscai,huscai,huscai
husky_wang,,husky_wang,husky_wang,husky_wang
huskye,huskye,huskye,huskye,huskye
huxley,,huxley,huxley,huxley
huxy,,huxy,huxy,huxy
hydro,,hydro,hydro,hydro
hyån,,hyån,mooderana,mooderana
háipa,,háipa,,
hälee,,hälee,,
hælu,,hælu,hælu,hælu
i._m._spirit,,i._m._spirit,,
ice,,ice,ice_(dewsquilli),ice_(fennec)
ice_hasia,,ice_hasia,ice_hasia,ice_hasia
icetiger,,icetiger,icetiger,icetiger
ignis,,ignis,ignis,ignis_(canine)_(red)
ignus,,ignus,ignus,ignus
ikario_rainbow,,ikario_rainbow,ikario_rainbow,ikario_rainbow
ikaros,,ikaros,ikaros,ikaros
ilia,,ilia,ilia,ilia
impulse,,impulse,impulse,impulse
inai,,inai,inai_(narusewolf),inai_(narusewolf)
inaki,,inaki,inaki,inaki
incog,,incog,incog,incog
infinity,,infinity,infinity,infinity
ingvar,,ingvar,ingvar,ingvar
inkosi,,inkosi,,
inuh_,,inuh_,inuh,inuh
inuk,,inuk,dracoscythem,dracoscythem
io,,io,io,io_(dutchie)
ira,,ira,ira_(greyhound),
irene,,irene,irene,irene
iris,,iris,iris,iris
irizu,,irizu,irizu,irizu
ishix_showman_fix,,ishix_showman_fix,,
ishmi_yue,,ishmi_yue,,
ixia,,ixia,ixia,ixia
jack,jack,jack,jack,jack
jack_hopper_ravenheart,,jack_hopper_ravenheart,,
jacky,,jacky,jacky_(cow),jacky_(cow)
jaden,,jaden,jaden,jaden
jake,,jake,jake,jake_(canine)_(blue)
jake_greystripe,,jake_greystripe,jake_greystripe,jake_greystripe
james,,james,james_(dragon),james_(dragon)
japuk,,japuk,japuk,japuk
jarvis,,jarvis,jarvis_(doberman),jarvis_(doberman)
jaxx,jaxx,jaxx,jaxx,jaxx
jaxxon_bloo,,jaxxon_bloo,,
jay,jay,jay,jay(kitsuneecafe),jay(kitsuneecafe)
jay_feroux,,jay_feroux,,
jay_riverson,,jay_riverson,jay_riverson,jay_riverson
jay_sillynx,,jay_sillynx,jay_sillynx,jay_sillynx
jay_thecat,jaythecat,jay_thecat,jay_thecat,jay_thecat
jazzing,,jazzing,jazzing,jazzing
jazzy,,jazzy,jazzy,jazzy
jd_puppy,,jd_puppy,jd_puppy,jd_puppy
jeetix_,,jeetix_,jeetix,jeetix
jekyll_fox_,,jekyll_fox_,,
jenny_carter,,jenny_carter,,
jessey,,jessey,jessey_(dog),jessey_(dog)
jetíček,,jetíček,jetfox,jetfox
jev,,jev,jev,jev
jewel,,jewel,jewel,jewel
jigsaw,miles,jigsaw,jigsaw,jigsaw_(lynx)
jikofox,,jikofox,jikofox,
jimbles_the_cat,,jimbles_the_cat,,
jimin,,jimin,,
jinx,,jinx,jinx,jinx
jinx_mckenzie,,jinx_mckenzie,jinx_mckenzie,jinx_mckenzie
jinx_qoida,,jinx_qoida,jinx_qoida,jinx_qoida
jodira_,,jodira_,jodira,jodira
joey,,joey,joey,joey_(animale_dei_ruderi)
john_fox,john_fox,john_fox,john_fox,
johnny_mcbräsel,,johnny_mcbräsel,johnny_mcbräsel,johnny_mcbräsel
joleii_joel_raccoonski,,joleii_joel_raccoonski,,
jonathan,,jonathan,jonathan,
jonks_panda,jonks_panda,jonks_panda,jonks_panda,jonks_panda
joolz,,joolz,joolz,joolz
joon,joon,joon,,
jox,,jox,jox,jox_(border_husky)
jules,,jules,jules,jules
jules_kardashian,,jules_kardashian,,
juniper,,juniper,juniper,juniper
juniperus_grimnos,,juniperus_grimnos,,
jupiter,,jupiter,jupiter,jupiter
jägger,,jägger,gizmo,
jökull,,jökull,jökull_(dragon),jökull_(dragon)
k-lan,,k-lan,,
kaaliss_al'mer,,kaaliss_al'mer,,
kad,,kad,kad_(african_wild_dog),kad_(african_wild_dog)
kadei,,kadei,kadei,kadei
kaelin,,kaelin,kaelin,kaelin
kai,,kai,kai,kai
kai_tak,,kai_tak,kaitak,kaitak
kaida,,kaida,kaida,kaida
kailibra_,,kailibra_,,
kain,,kain,kain,kain_(dragon)
kaine,,kaine,kaine,kaine
kaiser,,kaiser,kaiser_(otter),kaiser_(pupkaiser)
kaisun,,kaisun,kaisun,kaisun
kaito,kaito,kaito,kaito,kaito
kala,,kala,kala,kala
kaleido,,kaleido,kaleido,kaleido_(coyote)
kaleidos_chroma,,kaleidos_chroma,,
kaleidos_chroma_,,kaleidos_chroma_,,
kali,,kali,kali,kali_(snow_leopard)
kalibus,,kalibus,kalibus,kalibus
kalita,,kalita,kalita,kalita
kalune,kalynx,kalune,kalune,kalune
kamui,,kamui,kamui,kamui
kanso,,kanso,kanso,
kaoz,,kaoz,,
karma,,karma,karma(reddit_pony),karma(reddit_pony)
karri,,karri,karrigallu,karrigallu
karstan,,karstan,karstan,
karuzo,karuzo,karuzo,,
kasco,,kasco,kasco,kasco
kasey,,kasey,kasey,kasey
kasion_,,kasion_,kasion,kasion
kastanje,,kastanje,kastanje,kastanje
katiu,,katiu,katiu,katiu
katyro,,katyro,katyro,katyro
kawa,,kawa,kawa,kawa
kaya,,kaya,kaya,kaya_(husky)
kayden,,kayden,kayden,kayden
kayjay,kayjay,kayjay,kayjay,kayjay
kayla,,kayla,kayla,kayla
kayval,,kayval,neesou,neesou
kazeri,,kazeri,kazeri,kazeri
kazuma,,kazuma,kazuma,kazuma_(dragon)
keanu,,keanu,keanu_(akimo),keanu_(nightstalker)
keeanu,daxter,keeanu,,
keeba_,,keeba_,keeba,keeba
keenora,,keenora,keenora,keenora
kelix,,kelix,kelix,kelix
kenko,,kenko,,
kenshi,,kenshi,kenshi,
kenttu,,kenttu,kenttu,kenttu
kenya,,kenya,kenya,kenya
kerani,,kerani,kerani,
kerenos,,kerenos,kerenos,kerenos
kertinox,,kertinox,kertinox,kertinox
kessie,,kessie,kessie,kessie
kesto,reedy,kesto,,
kevlar,,kevlar,kevlar,kevlar
keyjin,,keyjin,keyjin,keyjin
khajiit,,khajiit,,
khalura,,khalura,khalura,khalura
khleb,,khleb,khleb,khleb
kibs,,kibs,,
kiddy,,kiddy,,
kief,,kief,kief,kief
kiesell,,kiesell,kiesell,kiesell
kiilo,usagikun,kiilo,kiilo,kiilo
kiliandash,,kiliandash,kiliandash,kiliandash
kilves,,kilves,kilves,kilves
kimberley_,,kimberley_,,
kimbo,kimbo,kimbo,kimbo,kimbo
kimkat_,,kimkat_,kimkat,kimkat
kimmy,kimmyboii,kimmy,,
kimu,,kimu,kimu,kimu
kin_skyhunter_,,kin_skyhunter_,kin_skyhunter,kin_skyhunter
kinae,,kinae,kinae,kinae
king,,king,king_(canine),king_(canine)
king-bruno,,king-bruno,,
king_ca$h,,king_ca$h,,
king_kaito,,king_kaito,,
kingfisher,,kingfisher,kingfisher,kingfisher
kingston,,kingston,kingston,
kinkyboi69,kinkyboi69,kinkyboi69,kinkyboi69,kinkyboi69
kip,kip,kip,kip,kip
kippefir,,kippefir,kippefir,kippefir
kiran,,kiran,kiran,kiran
kirimaru,,kirimaru,kirimaru,kirimaru
kiro,,kiro,kiro,kiro
kiro_sunsetfluff,,kiro_sunsetfluff,,
kiro_whitefin,,kiro_whitefin,kiro_whitefin,kiro_whitefin
kirros,,kirros,,
kismet,,kismet,kismet,kismet
kit,,kit,kit,kit
kit_rävson,,kit_rävson,,
kitavos,,kitavos,kitavos_(fox),kitavos_(fox)
kitos__the_fox,,kitos__the_fox,,
kitsuna,,kitsuna,kitsuna,kitsuna
kitty-d,,kitty-d,kittyd,kittyd
kiwii,,kiwii,kiwii,kiwii
kiya,zhiris,kiya,kiya,kiya
kiyo,,kiyo,kiyo,kiyo
kloki,,kloki,kloki,kloki
kmiczek,,kmiczek,kmiczek,kmiczek
knalli_knallstock,,knalli_knallstock,,
knox,,knox,knox,knox
kobrin,,kobrin,kobrin,kobrin
koda,,koda,koda,koda
kodi,,kodi,kodi,kodi_(coyote)
kodiak,,kodiak,kodiak_(bear),kodiak_(bear)
kohaku_sun,,kohaku_sun,kohaku_sun,kohaku_sun
kohtalo,kohtalo,kohtalo,kohtalo,
koo,,koo,koo,koo
koofe,,koofe,koofe,koofe
koori,koorikitsune,koori,koori,koori
koro,,koro,koro,koro
koshi,,koshi,koshi,koshi
kosmos,,kosmos,kosmos,kosmos
koss,,koss,,
kosse,,kosse,,
kotetsu,,kotetsu,kotetsu,kotetsu
kouta_oni,koutaoni,kouta_oni,,
kouta_sky,,kouta_sky,kouta_sky,
kozzi,,kozzi,kozzi_(reindeer),kozzi_(reindeer)
kronos,,kronos,kronos,kronos
krymson,,krymson,krymson_(lynx),krymson_(lynx)
ks,,ks,grim,grim
kuda,,kuda,kuda_(dutchangeldragon),kuda_(dutchangeldragon)
kunai,,kunai,kunai,kunai
kurama,,kurama,kurama,kurama
kuro,,kuro,kuro,kuro_(collie)
kuroda,,kuroda,kuroda,
kurokiniro,kurokiniro,kurokiniro,kurokiniro,kurokiniro
kurtcbrox,,kurtcbrox,,
kurz,,kurz,,
kuskus,kuskus,kuskus,,
kuu,,kuu,kuu,
kuva,,kuva,kuva,kuva
kvad,,kvad,kvad,kvad
kyi'su,,kyi'su,kyi_su,kyi_su
kyle,kyle,kyle,kyle,kyle
kyoshi,,kyoshi,kyoshi,kyoshi
kyra,kyra,kyra,kyra_(cat),kyra_(cat)
kyuso,,kyuso,kyuso,kyuso
kzarren,,kzarren,kzarren,
kåre_frigoradraco,,kåre_frigoradraco,,
l.e.,,l.e.,,
laasko,,laasko,,
lab_ratz,,lab_ratz,lab_ratz,lab_ratz
lagunta,,lagunta,lagunta,lagunta
laika,,laika,laika,laika
lambda,lambda,lambda,lambda,lambda_(fox)
lance,,lance,lance,lance
larvagandor,,larvagandor,larvagandor,larvagandor
laser,,laser,laser_(feline-bear),laser_(feline-bear)
lass,,lass,,
lavendel,,lavendel,lavendel,lavendel
lavender_,lavender,lavender_,lavender,lavender
lazuli_,,lazuli_,lazuli,lazuli
leachim,,leachim,leachim,leachim
lee_juuki,,lee_juuki,,
legiarrd,,legiarrd,legiarrd,legiarrd
lemonade,,lemonade,,
lemoonade,,lemoonade,lemoonade,lemoonade
lemur,,lemur,,
lennyaa,,lennyaa,lennyaa,lennyaa
leo,,leo,leo_(blue_husky),leo_(blue_husky)
leola,leola,leola,,
leomanum_ii,,leomanum_ii,,
leomir,,leomir,leomir,leomir
leon,,leon,leon_(betelgeusian),leon_(betelgeusian)
lepton,,lepton,lepton,lepton
lerp,,lerp,,
leso,,leso,leso,leso
lesserkuma,,lesserkuma,lesserkuma,lesserkuma
lexie,lexie,lexie,lexie,lexie
lexr,,lexr,lexr,
lhama,,lhama,lhama,lhama
ligero,,ligero,ligero,ligero
lightning,,lightning,lightning,lightning
lighty,,lighty,,
liko,,liko,liko,liko
lil_mama._brother_what.,,lil_mama._brother_what.,,
lilith,,lilith,lilith_(bunny),lilith_(bunny)
lilo,,lilo,lilo,lilo_(shiba_inu)
lily,,lily,lily_(bunny),lily_(bunny)
lime,,lime,lime,lime
limerick,,limerick,limerick,limerick
link,,link,link,link_(borzoi)
linky,,linky,linky,linky
lino,,lino,lino,
linus,linus,linus,linus,linus
liquid_wertie_,,liquid_wertie_,,
lira,,lira,,
liraxtor,,liraxtor,liraxtor,liraxtor
lisan,,lisan,lisan,lisan
lit,,lit,lit,lit
litchee,,litchee,,
loafie,,loafie,,
loeckske,,loeckske,loeckske,loeckske
logan,,logan,logan_(cat),logan_(cat)
logi,,logi,logi,logi
loimu,,loimu,loimu,loimu
loki,,loki,loki,loki
lomari,,lomari,lomari,minerea
loom,,loom,loom,loom
loona,,loona,loona,loona
loopix,,loopix,loopix,fluffel
lorfy,,lorfy,lorfy,lorfy
lost,,lost,lost_(canine),lost_(canine)
lotti,hypadook,lotti,lotti,lotti
lotus,,lotus,lotus,lotus_(fox)
lotytus,,lotytus,lotytus,lotytus
lou,lou,lou,lou,lou
louish,,louish,louish,louish
louwie,,louwie,louwie,louwie
lowri_akai,,lowri_akai,lowriakai,
luca,,luca,luca,luca
lucari_keytar,lucarikeytar,lucari_keytar,lucari_keytar,lucari_keytar
luci,,luci,luci,luci
lucien,lucien,lucien,lucien_(canine),lucien_(canine)
lucky,lucky_,lucky,lucky,lucky
lucky-tiger,,lucky-tiger,,
ludanto,,ludanto,ludanto,ludanto
ludra,,ludra,ludra_(wolf),ludra_(wolf)
lufu_the_medicfur,,lufu_the_medicfur,,
luhrak,,luhrak,luhrak,luhrak
luke,,luke,luke,luke
luki_saluki_,,luki_saluki_,,
lukiro,,lukiro,lukiro,lukiro
lumi,lumi,lumi,lumi,lumi
lumie,,lumie,lumie_(bunny),lumie_(bunny)
lumin,foxona,lumin,lumin_(deer),lumin_(deer)
lumo,,lumo,lumo,lumo
luna,luna,luna,luna,luna
lupino,,lupino,lupino,
lurifax,,lurifax,,
lutu,,lutu,lutu,lutu
lutz,,lutz,lutz_(deer),lutz_(deer)
luuwaku,,luuwaku,luuwaku,luuwaku
lux_mcrae,lux_mcrae,lux_mcrae,lux_mc_rae,lux_mc_rae
luxen,,luxen,luxen,luxen
luxy,starlex,luxy,luxy,luxy
lyam_yeensen,,lyam_yeensen,,
lycus,,lycus,lycus,lycus
lykos,,lykos,lykos_(werewolf),lykos_(werewolf)
lylox,,lylox,lylox,lylox
lynxie,lexi,lynxie,lynxie_(lynx),lynxie_(lynx)
lytrox,,lytrox,lytrox,lytrox
læxi,,læxi,,
léo_ritter,,léo_ritter,,
maario,,maario,maario,maario
mabs,,mabs,mabs,mabs
macchiato,,macchiato,macchiato,macchiato
macke,mackeferret,macke,,
mae,,mae,mae,mae
maeve,,maeve,maeve,maeve(protogen)
maeve_,,maeve_,maeve,maeve(protogen)
mag,magoloric,mag,mag,mag_(frog)
mahkun,,mahkun,,
maho,,maho,,
mai_tai,,mai_tai,mai_tai,mai_tai
maiao,,maiao,,
maide_jairox,,maide_jairox,,
maisha,,maisha,maisha_(somali_cat),maisha_(somali_cat)
majesty,,majesty,majesty,majesty
maki_foxcat,,maki_foxcat,maki_foxcat,maki_foxcat
maks_rosebuster,,maks_rosebuster,,
maksio,,maksio,maksio,maksio
malia,luna,malia,luna,luna
malibu,,malibu,malibu,malibu_(collie)
malik_the_red_wolf,,malik_the_red_wolf,,
malio_,,malio_,malio,malio
malunis,,malunis,malunis,malunis
manchuwolf,manchuwolf,manchuwolf,manchu_wolf,manchu_wolf
mane,,mane,mane,
mapacho,,mapacho,,
maple,maple,maple,maple,maple
marble,,marble,marble_(border-collie),marble_(border-collie)
mardao,,mardao,mardao,
marl,,marl,,
marley_,,marley_,marley,marley
marmar,,marmar,marmar,marmar
mars,,mars,mars,mars
marta,,marta,martafolf,martafolf
martin,,martin,martin_(lion),martin_(wolf)
marty,,marty,marty,marty
mason,,mason,mason,mason_(deer)
matcha,,matcha,matcha,matcha_(alien_canine)
mato,,mato,mato_(husky),mato_(husky)
matt,,matt,matt,matt
matty,,matty,matty,matty
matu,,matu,matu,matu
mauro.d,,mauro.d,,
mausie,,mausie,mausie,mausie
maverick,,maverick,maverick,maverick
max,max,max,max,max
max_fluffy,,max_fluffy,max_fluffy,max_fluffy
maxetto,,maxetto,maxetto,maxetto
maxi,,maxi,maxi,maxi
maxwell,ritzehl,maxwell,maxwell,maxwell_(cabbit)
may,may,may,may_(canine),may_(canine)
maz,,maz,maz,maz_(lion)
mazu,,mazu,mazu_(goat)_(black),mazu_(goat_capricorn)
meabel,,meabel,meabel,meabel
meatloaf,,meatloaf,meatloaf,meatloaf
meeko,,meeko,meeko,meeko
meisarrg,,meisarrg,meisarrg,meisarrg
mekki,,mekki,,
mele,,mele,,
menos,menos,menos,menos,
menta,,menta,menta_(snep),menta_(snep)
merchant_of_bells,,merchant_of_bells,,
mercilessblackcrow,,mercilessblackcrow,mercilessblackwolf,mercilessblackwolf
mercilessblackwolf,,mercilessblackwolf,mercilessblackwolf,mercilessblackwolf
merenek,,merenek,merenek,merenek
merzaro,merzaro,merzaro,merzaro,merzaro
michael,,michael,michael_(arctic_fox),michael_(arctic_fox)
midas,,midas,midas,midas
midori,midorifox,midori,midori_(beagle),midori_(beagle)
mifflin,,mifflin,mifflin,mifflin
mifty,,mifty,,
miggy,,miggy,miggy,miggy
miguel,,miguel,miguel,miguel
mika,_mika_,mika,mika_(collie),mika_(collie)
mikado,,mikado,mikado,
mikan,,mikan,mikan,
mikey_(マイキー),,mikey_(マイキー),mikey,mikey
miki,,miki,miki,miki
mikitsune,,mikitsune,,
miko,,miko,miko,miko
milanos,,milanos,milanos,milanos
miley,,miley,miley,
milli,,milli,,
milo,,milo,milo,milo_(bat)
milo_,,milo_,milo,milo_(bat)
milo_(little_alpha_pup),,milo_(little_alpha_pup),milo,milo_(bat)
mimi_catshark,,mimi_catshark,,
minchurrie,,minchurrie,minchurrie,minchurrie
mindo,,mindo,mindo,mindo
minerea,,minerea,minerea,minerea
mini,,mini,mini_(grey_wolf),mini_(grey_wolf)
minka,,minka,minka,minka
minos,raven,minos,minos,minos
mint,,mint,mint,mint
minty,minty,minty,minty,minty
mio,,mio,mio,mio
mira,,mira,mira,mira
miremel,,miremel,,
misaki,,misaki,misaki,
miss_nathalie_,,miss_nathalie_,miss_nathalie,miss_nathalie
missy,,missy,missy_(pasteldawg),missy_(pasteldawg)
misty,,misty,misty,misty
miura_the_cat,,miura_the_cat,,
miv_zadir_,miv_zadir_,miv_zadir_,miv_zadir,
mixer,,mixer,,
mizu,,mizu,mizu_(boar),mizu_(cat)
mlice,,mlice,mlice,mlice
mocca,malido,mocca,mocca,mocca_(deer)
mocha,,mocha,mocha_(angel_dragon),mocha_(angel_dragon)
mojito_urufu,,mojito_urufu,,
mojo,mojo,mojo,mojo,mojo
momo,momo,momo,momo,momo
momotarō,,momotarō,,
mondraconus,,mondraconus,mondraconus,mondraconus
mondsikel,,mondsikel,mondsikel,mondsikel_(jex)
moo,,moo,moo,moo_(cow)
moof,,moof,moof,moof
moon,,moon,moon,moon_(canine)
moonie,,moonie,moonie,moonie
moray,,moray,moray_(collie),moray_(collie)
morguhl,,morguhl,morguhl,morguhl
morris,,morris,morris_(marten),morris_(marten)
moss,,moss,moss_(cabbit),moss_(deer)
mot,zephyr,mot,mot,mot
mowsh,,mowsh,mowsh,mowsh
moxifloxi,,moxifloxi,,
mozie,,mozie,mozie,mozie
mrzorronator,mrzorronator,mrzorronator,mrzorronator,mrzorronator
ms._light-love,,ms._light-love,,
muddy,,muddy,muddy,muddy
muddy_the_fox,,muddy_the_fox,,
muffey,,muffey,oskar,oskar
muffin,,muffin,muffin,muffin(coyote_wife)
munchy,,munchy,akifox,akifox
munty,,munty,munty,munty
murrpy,,murrpy,murrpy,murrpy
musubi,raven,musubi,musubi,musubi
muunn_,,muunn_,muunn,
mycos,,mycos,mycos,mycos
mylo,,mylo,mylo,mylo
myra,,myra,myra,myra
myrim,,myrim,,
myrion_,,myrion_,,
naakka,,naakka,,
nacht,,nacht,,
nachtdrache,,nachtdrache,nachtdrache,nachtdrache
nahalo_,,nahalo_,nahalo,nahalo
nailix,,nailix,nailix,nailix
naitochip,,naitochip,naito_chip,
nall,,nall,nall,nall
nammi,,nammi,nammi,nammi
nanachi,,nanachi,nanachi,nanachi
nano,nano,nano,nano,nano
nanuk,,nanuk,nanuk,nanuk
nao,,nao,nao,nao
naos,naos,naos,naos,naos
napier,,napier,napier,napier
napo,napo,napo,napo,napo
nara,,nara,nara_(kitsune),
naschtara,,naschtara,naschtara,naschtara
natcho,,natcho,natcho,
nate,,nate,nate_(bird),nate_(fishing_cat)
natric,,natric,natric,natric
natsu,,natsu,natsu,natsu_(corgi)
nattrim,,nattrim,nattrim,nattrim
naukluft,,naukluft,naukluft,naukluft
navak,,navak,navak,navak
nayemi,,nayemi,nayemi,nayemi
nbowa,,nbowa,nbowa,nbowa
nebula,,nebula,nebula,nebula
neesou,,neesou,neesou,neesou
neio,,neio,neio_(dog),neio_(dog)
neith,neith,neith,neith,neith
nekan,,nekan,nekan,
nelloy,,nelloy,nelloy,nelloy
nenala,,nenala,nenala,nenala
neo,sorajona,neo,neo_(arctic_wolf),neo_(arctic_wolf)
neon,kyleneon,neon,neon,neon
neop,,neop,neop,neop
neppy,neppy,neppy,neppy_(protogen),neppy_(protogen)
nera,,nera,,
nerofox,,nerofox,nerofox,nerofox
nerok,,nerok,nerok_(wolf),nerok_(wolf)
nerox,nerox,nerox,nerox,nerox
nerumi,,nerumi,,
nesko,,nesko,nesko,nesko
nessunday,,nessunday,nessunday,nessunday
netaro,,netaro,netaro_(floatzel),netaro_(floatzel)
newt,newtoncaribou,newt,newt,newt_(newt)
nex,nex,nex,nex,nex
nexo,,nexo,nexo,nexo
nexus,,nexus,nexus_(ferrin),nexus_(ferrin)
nickel,,nickel,nickel_(bear),nickel_(bear)
nicl,,nicl,,
nico,nico,nico,nico,nico
nico_hanss_koettn,,nico_hanss_koettn,,
nico_winter,,nico_winter,nico_winter,nico_winter
nido,,nido,nido,nido
nidoh,,nidoh,,
niff,,niff,niff_(fox),niff_(fox)
night,night,night,night_,night_(wolf)
nightfall_,,nightfall_,nightfall,nightfall
nighthoof,,nighthoof,nighthoof,nighthoof
nightvoid,,nightvoid,nightvoid,nightvoid
nigosh,,nigosh,nigosh,nigosh
niki,,niki,niki,niki
nikiyanagi,,nikiyanagi,niki_yanagi,niki_yanagi
nikki,,nikki,nikki,nikki
nikodim,,nikodim,nikodim,nikodim
nilo,,nilo,nilo_(snep),nilo_(snep)
nimbus,,nimbus,nimbus,nimbus
nimdo,,nimdo,nimdo,nimdo
nino,,nino,nino,nino
nio,,nio,nio,nio
nippy,nippy,nippy,nippy,nippy
nirdian,nirdian,nirdian,nirdian,nirdian
nisha,nisha,nisha,nisha,nisha
nix,erk1,nix,nix,nix_(bull)
nixoralis,nixoralis,nixoralis,nixoralis,
nocte,,nocte,nocte,nocte
noel_frostpaw,,noel_frostpaw,noel_frostpaw,
nokly,,nokly,nokly,nokly
nom_czar,,nom_czar,,
noodle,,noodle,noodle,noodle_(dragon)
nooshy_,,nooshy_,nooshy,nooshy
noppesthefolf,,noppesthefolf,,
nord,,nord,,
nordi,nordi,nordi,nordi,nordi_(dalmatian)
nordic,,nordic,nordic,nordic
norem,,norem,norem,norem
normaly,,normaly,normaly,normaly
noroth,noroth,noroth,noroth,noroth
north,,north,north,north
northcat_creations,,northcat_creations,northcat_creations,northcat_creations
nova,nova_,nova,nova,nova
nowa,nowa,nowa,nowa,nowa
noweti,noweti,noweti,noweti,noweti
nowi,nowi,nowi,,
nox,,nox,nox,nox
noxero,,noxero,noxero,noxero
nuggie,,nuggie,nuggie,
nukebitez,,nukebitez,nuke_bitez,nuke_bitez
nurux,,nurux,nurux,nurux
nykari,,nykari,bolle,bolle
nyx,nyx,nyx,nyx,nyx
oat,,oat,gnaw,gnaw
octane,,octane,octane,octane
odder,,odder,odder,
oddi,,oddi,oddity,
odimyn_zore,,odimyn_zore,odimyn_zore,odimyn_zore
okama_igl_dragun,okamaigldragun,okama_igl_dragun,okama_igl_dragun,okama_igl_dragun
okean,,okean,okean,
oleg,oleg,oleg,,
olia,,olia,,
oliver,oliver,oliver,oliver_(bobcat),oliver_(dog)
olivia_wolfess_,,olivia_wolfess_,,
ollie,,ollie,ollie,ollie
onibi,,onibi,,
onyx_,,onyx_,onyx,onyx_(corgi)
ookami,,ookami,ookami,ookami_(wolf)
oolas,,oolas,oolas,oolas
oomjan,,oomjan,oomjan,oomjan
ophan,ferix,ophan,ophan,ophan
ophelia_,,ophelia_,ophelia,ophelia_(axolotl)
orange_wolf,,orange_wolf,,
orion,,orion,orion,orion
orion_dornklaue,,orion_dornklaue,orion_dornklaue,orion_dornklaue
oru,,oru,,
ory,,ory,ory,
othelliah,,othelliah,,
otis,,otis,otis,otis
otis_,,otis_,otis,otis
ottie,,ottie,ottie,ottie
ouiji_,,ouiji_,ouiji,ouiji
owen_o'possum,,owen_o'possum,owen_opossum,owen_opossum
oxy,oxy,oxy,oxy,oxy
ozzy,,ozzy,ozzy,ozzy
p-fitz,,p-fitz,p-fitz,p-fitz
paciulo,,paciulo,,
paco,,paco,paco,paco
paco_greywolf,,paco_greywolf,,
paka,,paka,paka,paka
pakyto,,pakyto,pakyto,pakyto
pakyzo,,pakyzo,pakyzo,pakyzo
palace,,palace,palace,palace
panchi,,panchi,panchi,panchi
pancious,,pancious,pancious,pancious
panriel,,panriel,faolan,faolan
pap,,pap,pap,pap
papaya,,papaya,papaya,papaya
paradox,,paradox,paradox,paradox
parker,halfdeadhyena,parker,parker_(bobcat),parker_(bobcat)
paro,,paro,paro,paro
parpar,,parpar,parpar,parpar
parsec_husky,,parsec_husky,parsec_husky,
patch,,patch,patch,patch_(cat)
pawalo,,pawalo,pawalo,pawalo
pawl,,pawl,,
pax,pax,pax,pax,pax
payam,,payam,payam,payam
pcb,,pcb,pcb,
pd,,pd,,
peanut,,peanut,peanut,peanut
pearl,,pearl,pearl_(angel_dragon),pearl_(cat)
peechy,,peechy,peechy,peechy
pelastos,,pelastos,pelastos,pelastos
penelope_,,penelope_,penelope,penelope
penguin,,penguin,remco,remco
peppermint,,peppermint,peppermint,peppermint_(crux)
peppermint_spice,,peppermint_spice,peppermint_spice,peppermint_spice
perky,,perky,perky,perky
pete,,pete,petephin,petephin
petokikka,,petokikka,petokikka,petokikka
pferdinand,,pferdinand,pferdinand,pferdinand
phalos_southpaw,,phalos_southpaw,,
phantomclawad,,phantomclawad,,
phase,,phase,phase,phase_(shark)
phasor,,phasor,phasor,phasor
phelix,,phelix,phelix,phelix
phrozt,phrozt,phrozt,phrozt,phrozt
phyore,,phyore,phyore,phyore
picka,,picka,picka,
pickles,,pickles,pickles_(cat),pickles_(fox)
pico,,pico,pico,pico
pieberius_,,pieberius_,pieberius,pieberius
pikat,,pikat,pikat,pikat
pike,,pike,pike,pike
pillgrim,,pillgrim,pillgrim,
pilosus_crinitius,,pilosus_crinitius,,
pilotti_,,pilotti_,,
pine,,pine,pine,pine
pinglee,,pinglee,pinglee,pinglee
pit,,pit,pit_(bat),pit_(bat)
piwipp,piranja,piwipp,piwipp,piwipp
pixel,pixel,pixel,pixel,pixel
play,,play,play_(vincent),play_(vincent)
pocky,,pocky,pocky_(cat_dragon),pocky_(cat_dragon)
poison,,poison,poison,poison
polaris,,polaris,polaris,polaris(stygian)
pollux,,pollux,pollux,pollux
pollux_,,pollux_,pollux,pollux
poly,polycrow,poly,poly_(werewolf),poly_(werewolf)
ponk,,ponk,pocket,pocket
popper,,popper,popper_(akitainu_fennecfox),savi
poppy,snarfy,poppy,poppy,poppy_(canine)
portobello,,portobello,portobello,portobello
portteri,,portteri,portteri,portteri
potato,potato,potato,potato,potato
pox,,pox,pox,pox
preturnax,,preturnax,preturnax,preturnax
princess_reese_,,princess_reese_,,
proelium,,proelium,proelium,proelium
puffs,puffs,puffs,puffs,puffs
pulikka,pulikka,pulikka,pulikka,pulikka
pup,,pup,pup_(dog),pup_(dog)
puppycatmello,,puppycatmello,puppycatmello,puppycatmello
pura,pura,pura,pura,pura
purple,purple,purple,purple_(cat),purple_(cat)
purple_defiler,,purple_defiler,,
pyper_,,pyper_,pyper,pyper
pysiek,,pysiek,pysiek,pysiek
quarzar,,quarzar,quarzar,quarzar
quasar,,quasar,quasar,quasar
quelling_strikes,,quelling_strikes,,
quill,,quill,quill,quill_(duck)
quinn,,quinn,quinn,quinn
quyn,quyn,quyn,quyn,quyn
radar,,radar,radar,radar
radi,,radi,raditas,raditas
rae,,rae,rae,rae
raev,,raev,raev,raev
rafi_s._kitsune,,rafi_s._kitsune,,
rafiki,,rafiki,rafiki,rafiki
ragnar,ragnar,ragnar,ragnar,ragnar
raijy,,raijy,raijy,raijy
raikou,,raikou,raikou_(leopard),raikou_(leopard)
raimon,,raimon,raimon_(fox),raimon_(fox)
rain,,rain,rain_(awoostria),rain_(awoostria)
raket,raket,raket,raket,raket_(philippine_eagle)
raketh,,raketh,raketh,raketh
raku,,raku,raku,raku
ralfey,,ralfey,ralfey,ralfey
ram_brissot,,ram_brissot,ram_brissot,rambrissot
ramen_~_💕,,ramen_~_💕,,
ramp,,ramp,ramp,ramp
randal,,randal,bardolph,bardolph
randomlab,,randomlab,random_lab,random_lab
randon,,randon,randon,randon
ranek,,ranek,ranek,ranek
ranfox,,ranfox,ranfox,ranfox
rang,,rang,,
rangi,,rangi,rangi,rangi
rani,,rani,rani,rani
raphael,,raphael,raphael,raphael
rapid,,rapid,,
rarilix,,rarilix,rarilix,rarilix
rasmuss,,rasmuss,vex,vex
rattie,,rattie,rattie,rattie
rauco,rauco,rauco,,
ravage,,ravage,ravage,ravage
ravas,,ravas,ravas_(ravasdergsfw),ravas_(ravasdergsfw)
raven,raven,raven,raven_(artyknightsire),raven_(artyknightsire)
ravi,,ravi,ravi,ravi
ravkal,,ravkal,ravkal,ravkal
rawen,,rawen,rawen,rawen
rayu,,rayu,rayu,rayu
raza,,raza,razakelkairo,razakelkairo
raze,,raze,raze,raze
razurac,,razurac,razurac,razurac
reaper,,reaper,reaper,reaper
rebane,nightless,rebane,rebane,rebane
red_fox,redfox,red_fox,,
redcully,kamsirius,redcully,,
redrik,,redrik,,
redsame,,redsame,redsame,redsame
redterrex,,redterrex,,
redwing,,redwing,redwing,redwing
reiko_aldrakar,,reiko_aldrakar,reiko_aldrakar,reiko_aldrakar
reivan,,reivan,reivan,reivan
rekiz,,rekiz,rekiz,rekiz
reko,,reko,reko,reko
remus,,remus,remus,remus
ren,ren,ren,ren,ren
renamon,,renamon,renamon_(douglas),renamon_(douglas)
render,,render,render,
rene,,rene,,
renit,,renit,renit,renit
rennbenn,,rennbenn,rennbenn,rennbenn
rennix,,rennix,rennix,rennix
renzo,renzo,renzo,renzo,renzo
reo_grayfox,,reo_grayfox,reo_grayfox,reo_grayfox
reple,reple,reple,reple,reple
repthyl,,repthyl,repthyl,repthyl
reshawa,,reshawa,reshawa,reshawa
rever,,rever,rever,rever
reverse_,,reverse_,,
rex,,rex,rex_(arcanine),rex_(blue_wolf)
rexam,,rexam,rexam,rexam
rexthefox,rexthefox,rexthefox,rexthefox,rexthefox
rey,,rey,rey,rey
reyna,,reyna,reyna,reyna
reynard_,reynard,reynard_,reynard_(avali),reynard_(husky)
rhaas,,rhaas,rhaas,rhaas
rhys_shepherd,,rhys_shepherd,rhys_shepherd,rhys_shepherd
ribbon_seal_,,ribbon_seal_,,
richard,,richard,richard,richard
rick,,rick,,
ridge,,ridge,ridge_(coyote),
riff,,riff,riff,riff
riguya,,riguya,riguya_(toby),riguya_(toby)
rika,,rika,rika,rika
rikki,,rikki,rikki,rikki
riley,,riley,riley(greendog66),riley(greendog66)
rima,rimawolf,rima,rima,
rin_lotte,rinlotte,rin_lotte,,
ringer,ringer,ringer,ringer,ringer
riot,,riot,riot,riot
ris'hary,,ris'hary,rishary,rishary
rivan,,rivan,rivan,rivan
rivel,,rivel,,
river,,river,river,river
rivka,,rivka,,
rivo_the_mutt_,,rivo_the_mutt_,,
riyo,,riyo,riyo,riyo
riyon_yeena,,riyon_yeena,,
riyou,,riyou,riyou,riyou
riûkko,,riûkko,riukko,riukko
rob,thatpinkfuzz,rob,rob,rob
robin_vincent,,robin_vincent,,
rockbiter,,rockbiter,rockbiter,rockbiter
rockster,,rockster,rockster,rockster
rocky,,rocky,rocky_(akita),rocky_(akita)
roger,,roger,roger_(german_shepherd),roger_(german_shepherd)
rokas,,rokas,rokas,rokas
rokkowusky,rokkowusky,rokkowusky,,
romeo,,romeo,romeo_(red_wolf),romeo_(red_wolf)
rongo,,rongo,rongo,rongo
ronnie_🐯,,ronnie_🐯,,
rook,,rook,rook,rook
rookie,,rookie,rookie,rookie_(gshep)
rose,,rose,rose,rose
roslina,,roslina,,
rosy_white_wolf,,rosy_white_wolf,,
rowan,,rowan,rowan,rowan
rowdy,,rowdy,rowdy_(fox),rowdy_(fox)
rowi,,rowi,rowi,
roxan,,roxan,roxan_(deer-wolf),roxan_(deer-wolf)
roxiemoon,,roxiemoon,roxiemoon,roxiemoon
roy,,roy,roy,roy
ruadh,,ruadh,ruadh,ruadh
rubin,,rubin,rubin,
ruby,ruby,ruby,ruby_(bat),ruby_(coyote)(black)
rudi,,rudi,rudi_(corgi),rudi_(hyena)
rudylys,,rudylys,,
ruffy,ruffy,ruffy,ruffy_(raccoon),ruffy_(raccoon)
rufus_qvist,,rufus_qvist,rufusqvist,rufusqvist
rummi,,rummi,rummi,rummi
run,,run,run,run
rune,,rune,rune,rune_(coyote)
runi_nox,runi_nox,runi_nox,,
runoratsu,,runoratsu,runoratsu,runoratsu
russel,,russel,russel,russel_(wolverine)
russenluster,,russenluster,russenluster,russenluster
rusto,,rusto,rusto_(liger),rusto_(liger)
rustyfennecfox,,rustyfennecfox,,
ryan,,ryan,ryan_(cat),ryan_(cat)
ryanstarhusky,,ryanstarhusky,,
ryazon,ryazon,ryazon,,
ryet,,ryet,ryet,
ryf,,ryf,ryf,ryf
ryuga,,ryuga,ryuga,
ryuki,,ryuki,ryuki,ryuki
ryve,,ryve,ryve,ryve
ryzaar,,ryzaar,ryzaar,ryzaar
rémy_léonard,,rémy_léonard,,
rösti,,rösti,rösti,rösti
s.n.a.p.p.y,,s.n.a.p.p.y,,
sabi,,sabi,sabi_(bat),sabi_(bat)
sabu,foxelifox,sabu,sabu(snep),sabu(snep)
sael,,sael,sael73,sael73
saga,,saga,saga,saga_(cat)
sage,,sage,sage_(alpha_lyncis),sage_(alpha_lyncis)
saifer,,saifer,saifer,
sak,,sak,sak,sak
sakki,,sakki,sakki,sakki
saku,,saku,saku,saku
sakuya,,sakuya,,
sala,,sala,salatranir,salatranir
salmy,,salmy,salmy,salmy
sam,,sam,sam(maned_wolf),sam(maned_wolf)
samson,,samson,samson,samson
sandoraptor,sandoraptor,sandoraptor,sandoraptor,sandoraptor
sangu,,sangu,neesou,neesou
santesim,santesim,santesim,santesim,santesim
sao,,sao,sao,sao
saphi,saphi,saphi,saphi_(deer),saphi_(deer)
saphielle,,saphielle,saphielle,saphielle
sapling,,sapling,sapling,sapling
sapphire,,sapphire,sapphire,sapphire
sarah,,sarah,sarah_(crow),sarah_(crow)
sarahlynx,sarahlynx,sarahlynx,sarahlynx,sarahlynx
saturdaii,,saturdaii,saturdaii,saturdaii
savi,,savi,savi,savi
scaly,,scaly,scaly,scaly
scar,,scar,scar,scar
scarli,,scarli,scarli,scarli
schnuri,,schnuri,schnuri,schnuri
scooterr,,scooterr,scooterr,scooterr
scorch,,scorch,scorch,scorch
scout,,scout,scout,scout_(border_collie)
scrobby,,scrobby,scrobby,scrobby
scruff,,scruff,scruff_(dog),scruff_(donkey)
scylla,,scylla,scylla,scylla_(wolfron)
sean,,sean,sean_(enterdragongalaxy),
seashell,,seashell,seashell,seashell
sebastian,,sebastian,sebastian,sebastian_(african_wild_dog)
sebastian_,,sebastian_,sebastian,sebastian_(african_wild_dog)
seiji,,seiji,,
seikan,,seikan,seikan,seikan
seishin,,seishin,seishin,seishin
seka,,seka,seka,
selly,,selly,selly_(absol),selly_(absol)
sendiser,,sendiser,sendiser,sendiser
serge,,serge,serge,serge
setrahn,,setrahn,setrahn,setrahn
seven,,seven,seven,seven_(canine)
shade,joon,shade,shade_(charr),shade_(charr)
shado,zervendoggo,shado,shado,shado
shadow,,shadow,shadow,shadow
shadowhunter,,shadowhunter,shadowhunter_(cheetah),shadowhunter_(cheetah)
shadowwolfen,,shadowwolfen,,
shads,,shads,shads,shads
shaka,,shaka,shaka,shaka
shan_mercat,,shan_mercat,shan_mercat,shan_mercat
shang,,shang,shang_(foo_dog),shang_(foo_dog)
sharky,,sharky,sharky,sharky
shatter,,shatter,shatter,shatter
shayed,shayed,shayed,shayed,shayed
sheena,sheenakitsune,sheena,sheena,sheena
sheppy,,sheppy,sheppy,sheppy
shepsi,,shepsi,shepsi,shepsi
shever,,shever,shever,shever
shey,,shey,sheyning,sheyning
sheza,,sheza,sheza,sheza
shimmer,,shimmer,shimmer,shimmer_(tusky)
shiny_cloud,,shiny_cloud,shiny_cloud,shiny_cloud
shirefox,,shirefox,shirefox,shirefox
shizah,,shizah,shizah,shizah
shora,,shora,shora_(shark),shora_(shark)
shorty,shorty,shorty,shorty,shorty
shryke,,shryke,shryke_(wickerbeast),shryke_(wickerbeast)
shturman,,shturman,shturman,shturman
shugnussy,,shugnussy,shugnussy,shugnussy
sibuna,,sibuna,sibuna,sibuna
sicka,,sicka,sicka,sicka
siepnir,,siepnir,siepnir,siepnir
sierra!,,sierra!,,
sif,,sif,sif,
sifa_,,sifa_,sifa,sifa
sige,,sige,sige,sige
sikkert,sikkertboy,sikkert,sikkert,
silhex,,silhex,silhex,silhex
silico,,silico,silico,silico
silk,,silk,silk,silk
silkyfur,,silkyfur,silkyfur,silkyfur
silo,,silo,silo_(corgi),silo_(corgi)
silver,,silver,silver_(anubis),silver_(dragon)
silverflame,,silverflame,silverflame,
simonhusky,,simonhusky,,
sion_fox,,sion_fox,sionfox,sionfox
siphen,,siphen,siphen,siphen
sirak,,sirak,,
sivath,,sivath,akuma,akuma
skai,,skai,skai_(bird),skai_(bird)
skify_raspberry,,skify_raspberry,skify_raspberry,skify_raspberry
skip,,skip,skip,skip
skipp,,skipp,skipp,skipp
skitt_,,skitt_,skitt,skitt
skousey,,skousey,skousey,skousey
skout,,skout,skout,skout
skully,,skully,skully,
sky,sky,sky,sky,sky
skye,,skye,skye,skye
skyreach,,skyreach,skyreach,
skythehusky,sky_thehusky,skythehusky,sky_the_husky,sky_the_husky
sköll,,sköll,sköll,sköll
slazy_hyena,,slazy_hyena,,
sleyvas,,sleyvas,sleyvas,sleyvas
slide,,slide,slide,slide
sliver,,sliver,sliver,sliver
slowbunny,,slowbunny,slowbunny,slowbunny
slushie_marten,,slushie_marten,,
sly,sly,sly,sly,sly
slyepoi,,slyepoi,slyepoi,slyepoi
sm_the_shark,,sm_the_shark,,
smaugger,smaugger,smaugger,smaugger,smaugger
smiles_,,smiles_,smiles,smiles
smoke,wodan,smoke,,
smokey_aussie,,smokey_aussie,,
smoki,,smoki,,
smoodi,,smoodi,smoodi,smoodi
snarfy,snarfy,snarfy,,
snepík,,snepík,,
snickers,,snickers,snickers_(calico),snickers_(calico)
sniffer,,sniffer,sniffer_(arend),sniffer_(arend)
sniper_fox,,sniper_fox,sniper_fox,sniper_fox
snivellus,,snivellus,,
snooze,,snooze,snooze,snooze
snow,,snow,snow,snow
snow_foxx,,snow_foxx,snow_foxx,snow_foxx
snowi,,snowi,,
sock,,sock,sock_(corgi),sock_(corgi)
soda,,soda,soda,soda
sohko,,sohko,sohko,sohko
solaris,,solaris,solaris,solaris
solo_roo,,solo_roo,soloroo,soloroo
solwer,,solwer,solwer,solwer
sonoxx,,sonoxx,sonoxx,
soonyx,soonyx,soonyx,soonyx,soonyx
sora,sora,sora,sora_(african_wild_dog),sora_(fox)(red)(yellow)
soran,,soran,soran,
soren,,soren,soren,soren
space,,space,space,space_(nico)
sparkles,,sparkles,sparkles,sparkles_(cat)
sparks,,sparks,sparks,sparks(bear)
sparky,,sparky,sparky_(cat),sparky_(collie)
spatz,,spatz,spatz,spatz
spectry,,spectry,spectry,spectry
speedly,,speedly,speedly,speedly
spicy_drigin,,spicy_drigin,spicy_drigin,spicy_drigin
spike,spike,spike,spike,spike
spirou,,spirou,spirou,
sprinter,sprinter,sprinter,sprinter,sprinter
spritz,,spritz,spritz_(bull),spritz_(bull)
spunky,,spunky,spunky_(german_shepherd),spunky_(hyena)
sruhikan,sruhikan_,sruhikan,sruhikan,sruhikan
stainy,,stainy,,
stanley,,stanley,stanley,stanley
star,star,star,star,star_(border_collie)
star-b,,star-b,star-b_(husky),star-b_(husky)
stark,,stark,stark,stark_(dragon)
starlex,starlex,starlex,starlex,
starlight,,starlight,starlight(dutch_ad),starlight_(arctic_fox)
starz,,starz,starz,starz
static,staticscrapgoat,static,static,static
steamy_the_fox,steamythefox,steamy_the_fox,,
steel,,steel,steel_(dane),steel_(dane)
stephie,,stephie,stephie,stephie
stiefel,,stiefel,stiefel,stiefel
stigges,,stigges,stigges,stigges
stonetail_/_sassybuns,,stonetail_/_sassybuns,,
storm,,storm,storm,storm_(anw)
stormy,,stormy,stormy,stormy_(cat)
strandwolf,,strandwolf,strandwolf,strandwolf
strawberry,,strawberry,strawberry,strawberry
stripe,,stripe,stripe,stripe
stripey_roo,stripey_roo,stripey_roo,stripey_roo,stripey_roo
stripeyzeb,,stripeyzeb,,
strive,,strive,strive,strive
stryder,,stryder,stryder,stryder
stryve,,stryve,stryve,stryve
stuff,,stuff,stuff,stuff
stuhlie,,stuhlie,,
subius,,subius,subius,
suhrexthehusky,,suhrexthehusky,,
summit,,summit,summit,summit
suni,,suni,sunike,sunike
sunn,,sunn,,
sunny,,sunny,sunny,sunny_(australian_shepherd)
sunshine,,sunshine,sunshine_(bat),sunshine_(bat)
suovas,,suovas,suovas,suovas
supercell,,supercell,supercell,supercell
supi,,supi,supi,supi
susan_sloth_,,susan_sloth_,,
sushi,,sushi,sushi,sushi_(dragon)
svanbjörn,,svanbjörn,swanbear,swanbear
svix,,svix,svix,svix
swibbler,swibby,swibbler,swibby,swibby
swift,,swift,swift,swift
swifter,,swifter,swifter,swifter
swifty,swifty,swifty,swifty,swifty
switch,,switch,switch,switch_(canine)
swizz,skittles,swizz,swizz,swizz
sxyntix,sxyntix,sxyntix,sxyntix,sxyntix
sylkar_truecoat_,,sylkar_truecoat_,,
sylveon,,sylveon,sylveon_(chippytheneko),sylveon_(chippytheneko)
sylvi,,sylvi,sylvi,sylvi
syndra,,syndra,syndra,syndra
synthie,,synthie,synthie,synthie
szop,,szop,szop,szop
szürky,,szürky,szürky,szürky
sølve,,sølve,sølve,
tabbie,tabbiefox,tabbie,tabbiefox,tabbiefox
tachgon,,tachgon,tach,tach
taco-meow,,taco-meow,dracoscythem,dracoscythem
tagir,,tagir,tagir_(dragon),tagir_(dragon)
tai,,tai,tai,tai_(digimon)
taiga_,,taiga_,taiga,taiga
tails,fangs,tails,tails,tails
taivas,,taivas,taivas,taivas
taji,,taji,taji,taji_(snivy)
takado,,takado,takado,
takeda,,takeda,,
takumi,,takumi,takumi_(erixalu),takumi_(erixalu)
talaryn,,talaryn,talaryn,talaryn
taldrin,,taldrin,taldrin,taldrin
talles,,talles,talles,talles
talos,,talos,talos_(avali),talos_(avali)
tambako,,tambako,,
tangent,,tangent,tangent,tangent
tangerine,,tangerine,tangerine,
tangle,,tangle,tangle,tangle_(marten)
tanner,,tanner,tanner,tanner
tara,,tara,tara,tara
taro,,taro,taro,taro
tashville,,tashville,tashville,tashville
tav,,tav,,
taylor,taylor,taylor,taylor,taylor
tayron_blackwolf,,tayron_blackwolf,tayron_blackwolf,tayron_blackwolf
taz'rir,,taz'rir,tazrir,tazrir
teba,,teba,teba_(arijuno),teba_(teba_cosplay)
tech,,tech,tech,tech
techsane,,techsane,,
teddy_baarson,,teddy_baarson,teddy_baarson,teddy_baarson
tekar,raket,tekar,tekar,tekar
tekie,,tekie,tekie,tekie
tekki,tekki,tekki,tekki,tekki
tekla,,tekla,tekla,tekla
teksun,,teksun,teksun,teksun
tell,tell,tell,tell_(kangaroo),tell_(kangaroo)
tellos,tellos_,tellos,tellos,tellos
tempest,,tempest,tempest,tempest
tenarion,,tenarion,tenarion,tenarion
tenzo,,tenzo,tenzo,tenzo
teras,,teras,teras,teras
tevje_wolx,tevje_wolx,tevje_wolx,,
texel,,texel,texel_(dog),texel_(dog)
thabo_meerkat,thabomeerkat,thabo_meerkat,,
thaz,,thaz,thaz,thaz
thefreshy,,thefreshy,,
thekarelia,,thekarelia,thekarelia,thekarelia
theo,theo,theo,theo,theo
thephonixx,,thephonixx,,
thoren,,thoren,thoren,
thrupert,,thrupert,,
thun,,thun,,
thunder,,thunder,thunder_(dad),thunder_(dad)
thundi,,thundi,thundi,thundi
tiaki,,tiaki,tiaki,tiaki
tiberius,,tiberius,tiberius,tiberius
tico_the_cat,,tico_the_cat,,
ticook,,ticook,ticook,ticook
tifou,,tifou,tifou,tifou
tigerfang,,tigerfang,tigerfang,tigerfang
tigy,tigy,tigy,tigy,tigy
tikaani,,tikaani,tikaani,tikaani
tilondrion,tilondrion,tilondrion,tilondrion,tilondrion
timbear,,timbear,torui,
timber,timber,timber,timber_(bat),timber_(bat)
timeless,,timeless,timeless,timeless
timmy_fox,timmyfox,timmy_fox,timmy_fox,timmy_fox
tin,,tin,,
tinerr,,tinerr,tinerr,tinerr
tinuxx,,tinuxx,,
tipsu,,tipsu,tipsu,
tito'ku,,tito'ku,titoku,titoku
titus,,titus,titus,titus
tj,,tj,tj_(bat),tj_(teejay)
toasterthefox,,toasterthefox,toaster_the_fox,toaster_the_fox
tobemello,,tobemello,tobemello,
tobythefoks,,tobythefoks,,
toe,,toe,toanir,toanir
toffee,,toffee,toffee_(cat),toffee_(cat)
toffi,,toffi,toffi,toffi
tokala_tarka/toka,,tokala_tarka/toka,,
token,token,token,token,token
toki,,toki,toki,toki
tokiinu,,tokiinu,tokiinu,tokiinu
tolf,,tolf,tolf,tolf
tomby,,tomby,tomby,tomby
tomi,,tomi,tomi,tomi_(otter)
tomkitty,,tomkitty,tomkitty,tomkitty
torden,torden,torden,torden,torden
tore,tore,tore,tore,tore
toridachi,,toridachi,toridachi,toridachi
toroid,,toroid,toroid,toroid
torui,,torui,torui,
toxic_candy,,toxic_candy,toxic_candy,toxic_candy
toxicfox,,toxicfox,toxicfox,toxicfox
toxunto,,toxunto,toxunto,
tozz,,tozz,,
trace,trace,trace,trace_(coyote),trace_(coyote)
trale,,trale,trale,trale
trax,,trax,trax,trax
tremelo,,tremelo,tremelo,tremelo
trip,,trip,trip_(cat),trip_(cat)
tristan,,tristan,tristan,tristan_(cheetah)
tritus,,tritus,tk,
tronchy,,tronchy,tronchy,tronchy
tronchy_but_evil,,tronchy_but_evil,,
troug,,troug,troug,troug
tsiica,,tsiica,tsiica,tsiica
tsume,,tsume,tsume,tsume
tulius,,tulius,tulius,tulius
tume,,tume,tumefin,tumefin
tundra,,tundra,tundra,tundra_(cat)
tusk,,tusk,,
tusky,,tusky,tusky,tusky
tuxedokitty,,tuxedokitty,tuxedokitty,tuxedokitty
tuxila,tuxila,tuxila,tuxila,tuxila
twig,,twig,twig_(bunny),twig_(dog)
twitch,,twitch,twitch,twitch
tyggz,,tyggz,tyggz,tyggz
tygs,,tygs,tygs,tygs
tyler,,tyler,tyler_(aussie),tyler_(aussie)
typhos_goodbody_,,typhos_goodbody_,,
tyrenzael,,tyrenzael,tyrenzael,tyrenzael
tyro,,tyro,tyro,tyro
uche,,uche,uche,uche
ulrich,,ulrich,ulrich,
ulvi_yuitza,,ulvi_yuitza,ulvi_yuitza,ulvi_yuitza
umbra,,umbra,umbra,umbra
umbreonoctie,,umbreonoctie,,
unit-6,,unit-6,unit-6,
valac,,valac,valac,valac
valentine,,valentine,valentine,valentine
vallmo_,,vallmo_,vallmo,vallmo
valmur,,valmur,valmur,
vandil,,vandil,vandil_(lynx),vandil_(lynx)
vanela,,vanela,vanela,vanela
vantaa,,vantaa,vantaa,naukluft
vappy,,vappy,vappy,vappy
vargur,,vargur,vargur,vargur
varinn,,varinn,varinn,varinn
varis,varis,varis,varis,varis
varro,,varro,varro,varro
varrow,,varrow,varrow,varrow
vauvenal,,vauvenal,vauvenal,vauvenal
vay,,vay,vay,vay
vazul,,vazul,vazul,vazul
vector_wuff,vectorwuff,vector_wuff,,
veelkoov,,veelkoov,veelkoov,veelkoov
veemon,,veemon,,
velexo,,velexo,velexo,velexo
velkas,,velkas,velkas,velkas
ven,,ven,ven,ven
vennom,,vennom,vennom,vennom
venom,,venom,,
ventus,,ventus,ventus,ventus
vepsä,,vepsä,vepsa,vepsa
verpeilus,,verpeilus,verpeilus,verpeilus
vex_,,vex_,vex,vex
vi,,vi,vi(impoddity),vi_(tiger)
vidar,,vidar,vidar,vidar
vimle,glitchdetector,vimle,vimle,vimle
vincent,,vincent,vincent(manedwolf),vincent_(bat)
vini_vixy,,vini_vixy,,
vinny,,vinny,vinny,vinny_(bat)
vintage_murder_chimken,,vintage_murder_chimken,,
viola,,viola,viola,viola
violet,,violet,violet_(bear),violet_(cat)
virne,,virne,virne,virne
vitali_,,vitali_,,
vixie,,vixie,vixie_(fox_deer),
vlacek,,vlacek,vlacek,vlacek
vlacek_but_*redacted*,,vlacek_but_*redacted*,,
vlacek_but_dumb,,vlacek_but_dumb,,
vlacek_but_in_the_backrooms,,vlacek_but_in_the_backrooms,,
vlacek_but_shörk,,vlacek_but_shörk,,
vlcak,,vlcak,,
void,,void,void,void_(cat_dragon)
voltio,,voltio,voltio,
vorf,,vorf,vorf,vorf
vozzy,vozzy,vozzy,vozzy,vozzy
vraalucs_the_wild,,vraalucs_the_wild,,
vuk,,vuk,vuk,vuk
vulpy,,vulpy,vulpy,vulpy
vutie,,vutie,vutie,vutie
vvolfsong,,vvolfsong,vvolfsong,vvolfsong
wachhund,wachhund,wachhund,,
wafel,,wafel,wafel,wafel
waffle,,waffle,waffle,waffle_(golden_retriever)
wakewolf,,wakewolf,wakewolf,
waldmeister,,waldmeister,waldmeister,waldmeister
walt,,walt,walt_(deer),walt_(deer)
wapi,wapi,wapi,wapi,wapi
warmík,,warmík,warmik,warmik
warrick,,warrick,,
waveon,waveon,waveon,waveon,waveon
weelah,,weelah,,
werikane,,werikane,werikane,werikane
wertie,,wertie,wertie,wertie
wertie_mcyeen,,wertie_mcyeen,,
west,,west,west,west
whaler-ace,,whaler-ace,whaler_ace,whaler_ace
whitelion,whitelion,whitelion,whitelion,whitelion
whiterose,,whiterose,whiterose,whiterose
whity,,whity,whity,whity
widar,,widar,widar,widar
wiesel,,wiesel,wiesel,wiesel
wilgrysek,,wilgrysek,wilgrysek,wilgrysek
wilhelm_von_altenkron,,wilhelm_von_altenkron,,
william_wallace_ii,,william_wallace_ii,,
wilma,,wilma,kaiya,
wilzow_whisper,,wilzow_whisper,,
winter_moon,,winter_moon,winter_moon,
witlupus,,witlupus,witlupus,witlupus_(wolf)
woldo,,woldo,woldo,woldo
wolfi,,wolfi,,
wolfram,,wolfram,wolfram,wolfram
wolfter,,wolfter,wolfter,wolfter
wollxy,,wollxy,wollxy,wollxy
woxy,,woxy,woxy,woxy
wren,,wren,wren,wren_(bernese_mountain_dog)
wufuzz,,wufuzz,wufuzz,wufuzz
wurki,,wurki,wurki,wurki
wux,,wux,wux,wux
wyle_,,wyle_,wyle,wyle
x-r.k.7,,x-r.k.7,,
xan,,xan,xan,xan
xanax_rudderbutt,,xanax_rudderbutt,,
xander,,xander,xander,xander_(african_wild_dog)
xanti,,xanti,,
xei_lion,,xei_lion,,
xeno,xeno,xeno,xeno,xeno_(alien_cat)
xenon_,,xenon_,xenon_(cat),xenon_(otter)
xeplion,,xeplion,,
xero_,,xero_,xero_(arctic_fox),xero_(arctic_fox)
xeroxado,,xeroxado,xeroxado,xeroxado
xil,,xil,xil,xil
xyke,,xyke,shian,shian
yac,,yac,yac_(corvid),yac_(corvid)
yaijah,,yaijah,yaijah,yaijah
yakul,,yakul,yakul,yakul
yarwick,,yarwick,yarwick,yarwick
yellow,,yellow,yellow,yellow
yeximite,,yeximite,yeximite,yeximite
yiffyaff,wolfspawn,yiffyaff,wolfspawn,wolfspawn
yifuyafu,wolfspawn,yifuyafu,wolfspawn,wolfspawn
ylva,,ylva,,
yohee,,yohee,leptus,
yoite,,yoite,yoite,
yoka,,yoka,yoka,yoka
yookey,yookey,yookey,,
yori,,yori,,
yoru,,yoru,yoru,yoru_(hyena)
yuki,yuki,yuki,yuki,yuki
yukon,,yukon,yukon,yukon
yume,,yume,yume,yume
yuvi,,yuvi,yuvi_(fox),yuvi_(fox)
z-grate,,z-grate,,
zack,,zack,zack_(fox),zack_(dog)
zackadoodle,,zackadoodle,zackadoodle,
zadra,,zadra,zadra,zadra
zahra,,zahra,zahra,zahra
zaltany,,zaltany,zaltany,zaltany
zammy,,zammy,zammy,zammy
zan_of_cania,,zan_of_cania,,
zane,zane,zane,zane_(coyote),zane_(coyote)
zangy,,zangy,zangy,zangy_(zangoose)
zap,,zap,zap,zap
zargo,,zargo,zargo,zargo
zarith,,zarith,zarith,
zazu,,zazu,zazu,zazu_(kemonodragon)
zebra_north,,zebra_north,zebra_north,zebra_north
zed,,zed,zed,zed
zeekra,zeekra,zeekra,zeekra,zeekra
zefluff,,zefluff,zefluff,zefluff
zekah,,zekah,zekah,
zelena,,zelena,zelena,zelena
zelus,zelus,zelus,zelus,
zen,,zen,zen,zen
zene,,zene,zene,zene
zenitaris,,zenitaris,zenitaris,zenitaris
zenith,,zenith,zenith,zenith(shilohh)
zenosyne,,zenosyne,zenosyne,zenosyne
zephy,,zephy,zephy(hyena),
zepp,,zepp,zepp,zepp
zerebro,,zerebro,zerebro,zerebro
zero,,zero,zero_(ash_carso),zero_(bat_wolf)
zeru,,zeru,zeru,zeru_(blue_and_rainbow)
zeruel,,zeruel,zeruel,zeruel
zhenya_zlanski,,zhenya_zlanski,zhenya_zlanski,zhenya_zlanski
zhetreo,zhetreo,zhetreo,zhetreo,zhetreo
zicco,,zicco,,
ziggy,,ziggy,ziggy,ziggy
zingo,,zingo,zingo,zingo
zleekwolf,,zleekwolf,,
zoham,,zoham,,
zooks,,zooks,zooks_(dragon),
zoomie_huskey_,,zoomie_huskey_,zoomie_huskey,zoomie_huskey
zottel,,zottel,zottel,zottel
zotten,,zotten,zotten,zotten
zumaridi,,zumaridi,zumaridi,zumaridi
zumie,,zumie,,
zunder,,zunder,zunder,zunder
zylom,,zylom,zylom,zylom_(cat)
zyn,,zyn,zyn,zyn
zynth,,zynth,zynth,zynth
~shiny~,,~shiny~,~shiny~,
ægialeus,,ægialeus,ægialeus,ægialeus
♥_nona_♥,,♥_nona_♥,,
♥_sheila_♥,,♥_sheila_♥,,
マール,yocote,マール,yocote,yocote
春_(kevät),,春_(kevät),,
笑飞_(xiaofei),,笑飞_(xiaofei),,
